entry_ts,exit_ts,entry,exit,pnl,reason,hit_tp1,hit_tp2,hit_tp3,day,side,strike,moneyness,expiry,contract,mode
2025-05-13 09:00:00,2025-05-13 10:00:00,790.8235900785221,772.8235900785221,-18.0,SL,False,False,False,2025-05-13,CE,24250,ITM,2025-05-29,2025-05-29_CE_24250,runners
2025-05-15 10:00:00,2025-05-15 11:00:00,683.2404736608114,665.2404736608114,-18.0,SL,False,False,False,2025-05-15,CE,24250,ITM,2025-05-29,2025-05-29_CE_24250,runners
2025-05-23 14:00:00,2025-05-23 15:00:00,668.4093903533867,650.4093903533867,-18.0,SL,False,False,False,2025-05-23,CE,24250,ITM,2025-05-29,2025-05-29_CE_24250,runners
2025-05-26 13:00:00,2025-05-26 14:00:00,816.773046248938,798.773046248938,-18.0,SL,False,False,False,2025-05-26,CE,24250,ITM,2025-05-29,2025-05-29_CE_24250,runners
2025-05-13 09:00:00,2025-05-13 10:00:00,751.1128599587973,733.1128599587973,-18.0,SL,False,False,False,2025-05-13,CE,24300,ITM,2025-05-29,2025-05-29_CE_24300,runners
2025-05-26 09:00:00,2025-05-26 10:00:00,693.3640491571568,728.3640491571568,35.0,TP3,True,True,True,2025-05-26,CE,24300,ITM,2025-05-29,2025-05-29_CE_24300,runners
2025-05-12 10:00:00,2025-05-12 11:00:00,599.7090068048019,581.7090068048019,-18.0,SL,False,False,False,2025-05-12,CE,24350,ATM,2025-05-29,2025-05-29_CE_24350,runners
2025-05-13 09:00:00,2025-05-13 10:00:00,705.5133160659425,687.5133160659425,-18.0,SL,False,False,False,2025-05-13,CE,24350,ATM,2025-05-29,2025-05-29_CE_24350,runners
2025-05-26 09:00:00,2025-05-26 10:00:00,646.1239449500681,681.1239449500681,35.0,TP3,True,True,True,2025-05-26,CE,24350,ATM,2025-05-29,2025-05-29_CE_24350,runners
2025-05-13 09:00:00,2025-05-13 10:00:00,671.1308477278253,653.1308477278253,-18.0,SL,False,False,False,2025-05-13,CE,24400,OTM,2025-05-29,2025-05-29_CE_24400,runners
2025-05-26 09:00:00,2025-05-26 10:00:00,602.9720682949337,637.9720682949337,35.0,TP3,True,True,True,2025-05-26,CE,24400,OTM,2025-05-29,2025-05-29_CE_24400,runners
2025-05-13 09:00:00,2025-05-13 10:00:00,632.9016334051157,614.9016334051157,-18.0,SL,False,False,False,2025-05-13,CE,24450,OTM,2025-05-29,2025-05-29_CE_24450,runners
2025-05-15 11:00:00,2025-05-15 12:00:00,674.2941615331547,656.2941615331547,-18.0,SL,False,False,False,2025-05-15,CE,24450,OTM,2025-05-29,2025-05-29_CE_24450,runners
2025-05-26 09:00:00,2025-05-26 10:00:00,560.2067457735611,595.2067457735611,35.0,TP3,True,True,True,2025-05-26,CE,24450,OTM,2025-05-29,2025-05-29_CE_24450,runners
2025-05-07 13:00:00,2025-05-07 14:00:00,298.3543956387348,333.3543956387348,35.0,TP3,True,True,True,2025-05-07,PE,24250,OTM,2025-05-29,2025-05-29_PE_24250,runners
2025-05-12 10:00:00,2025-05-12 11:00:00,207.3612556433145,189.3612556433145,-18.0,SL,False,False,False,2025-05-12,PE,24250,OTM,2025-05-29,2025-05-29_PE_24250,runners
2025-05-13 10:00:00,2025-05-13 11:00:00,140.26785426107108,122.26785426107108,-18.0,SL,False,False,False,2025-05-13,PE,24250,OTM,2025-05-29,2025-05-29_PE_24250,runners
2025-05-14 09:00:00,2025-05-14 10:00:00,160.18456197637897,142.18456197637897,-18.0,SL,False,False,False,2025-05-14,PE,24250,OTM,2025-05-29,2025-05-29_PE_24250,runners
2025-05-14 15:00:00,2025-05-15 09:00:00,135.6070256293042,117.60702562930419,-18.0,SL,False,False,False,2025-05-14,PE,24250,OTM,2025-05-29,2025-05-29_PE_24250,runners
2025-05-20 10:00:00,2025-05-20 12:00:00,41.626331690702955,46.626331690702955,5.0,BE/trail,True,True,False,2025-05-20,PE,24250,OTM,2025-05-29,2025-05-29_PE_24250,runners
2025-05-21 10:00:00,2025-05-21 12:00:00,63.5036339441649,63.5036339441649,0.0,BE/trail,True,False,False,2025-05-21,PE,24250,OTM,2025-05-29,2025-05-29_PE_24250,runners
2025-05-23 11:00:00,2025-05-23 13:00:00,42.25352212928465,47.25352212928465,5.0,BE/trail,True,True,False,2025-05-23,PE,24250,OTM,2025-05-29,2025-05-29_PE_24250,runners
2025-05-26 11:00:00,2025-05-26 13:00:00,17.920800829419477,17.920800829419477,0.0,BE/trail,True,False,False,2025-05-26,PE,24250,OTM,2025-05-29,2025-05-29_PE_24250,runners
2025-05-07 13:00:00,2025-05-07 14:00:00,313.77525295060514,348.77525295060514,35.0,TP3,True,True,True,2025-05-07,PE,24300,OTM,2025-05-29,2025-05-29_PE_24300,runners
2025-05-12 10:00:00,2025-05-12 11:00:00,218.71108320778148,200.71108320778148,-18.0,SL,False,False,False,2025-05-12,PE,24300,OTM,2025-05-29,2025-05-29_PE_24300,runners
2025-05-13 10:00:00,2025-05-13 11:00:00,149.90664419911354,131.90664419911354,-18.0,SL,False,False,False,2025-05-13,PE,24300,OTM,2025-05-29,2025-05-29_PE_24300,runners
2025-05-14 09:00:00,2025-05-14 10:00:00,172.68175372117912,154.68175372117912,-18.0,SL,False,False,False,2025-05-14,PE,24300,OTM,2025-05-29,2025-05-29_PE_24300,runners
2025-05-14 15:00:00,2025-05-15 09:00:00,146.9817380503855,128.9817380503855,-18.0,SL,False,False,False,2025-05-14,PE,24300,OTM,2025-05-29,2025-05-29_PE_24300,runners
2025-05-20 10:00:00,2025-05-20 12:00:00,46.898927135914164,51.898927135914164,5.0,BE/trail,True,True,False,2025-05-20,PE,24300,OTM,2025-05-29,2025-05-29_PE_24300,runners
2025-05-21 10:00:00,2025-05-21 12:00:00,71.13864611512236,71.13864611512236,0.0,BE/trail,True,False,False,2025-05-21,PE,24300,OTM,2025-05-29,2025-05-29_PE_24300,runners
2025-05-23 11:00:00,2025-05-23 12:00:00,48.6604021292851,83.6604021292851,35.0,TP3,True,True,True,2025-05-23,PE,24300,OTM,2025-05-29,2025-05-29_PE_24300,runners
2025-05-26 10:00:00,2025-05-27 09:00:00,26.874719146386724,8.874719146386724,-18.0,SL,False,False,False,2025-05-26,PE,24300,OTM,2025-05-29,2025-05-29_PE_24300,runners
2025-05-07 13:00:00,2025-05-07 14:00:00,331.1356475305929,366.1356475305929,35.0,TP3,True,True,True,2025-05-07,PE,24350,ATM,2025-05-29,2025-05-29_PE_24350,runners
2025-05-12 10:00:00,2025-05-12 11:00:00,232.0042394601096,214.0042394601096,-18.0,SL,False,False,False,2025-05-12,PE,24350,ATM,2025-05-29,2025-05-29_PE_24350,runners
2025-05-13 10:00:00,2025-05-13 11:00:00,161.94738903723828,143.94738903723828,-18.0,SL,False,False,False,2025-05-13,PE,24350,ATM,2025-05-29,2025-05-29_PE_24350,runners
2025-05-14 09:00:00,2025-05-14 10:00:00,188.5444155028017,170.5444155028017,-18.0,SL,False,False,False,2025-05-14,PE,24350,ATM,2025-05-29,2025-05-29_PE_24350,runners
2025-05-14 15:00:00,2025-05-15 09:00:00,161.52971123438965,143.52971123438965,-18.0,SL,False,False,False,2025-05-14,PE,24350,ATM,2025-05-29,2025-05-29_PE_24350,runners
2025-05-20 10:00:00,2025-05-20 11:00:00,52.8751945387221,87.8751945387221,35.0,TP3,True,True,True,2025-05-20,PE,24350,ATM,2025-05-29,2025-05-29_PE_24350,runners
2025-05-21 10:00:00,2025-05-21 11:00:00,80.5928802087983,62.592880208798306,-18.0,SL,False,False,False,2025-05-21,PE,24350,ATM,2025-05-29,2025-05-29_PE_24350,runners
2025-05-22 09:00:00,2025-05-22 11:00:00,61.10477233833262,66.10477233833262,5.0,BE/trail,True,True,False,2025-05-22,PE,24350,ATM,2025-05-29,2025-05-29_PE_24350,runners
2025-05-23 11:00:00,2025-05-23 12:00:00,55.97298062198479,90.97298062198479,35.0,TP3,True,True,True,2025-05-23,PE,24350,ATM,2025-05-29,2025-05-29_PE_24350,runners
2025-05-26 10:00:00,2025-05-27 09:00:00,31.43846028596272,13.43846028596272,-18.0,SL,False,False,False,2025-05-26,PE,24350,ATM,2025-05-29,2025-05-29_PE_24350,runners
2025-05-07 13:00:00,2025-05-07 14:00:00,349.2122564983747,384.2122564983747,35.0,TP3,True,True,True,2025-05-07,PE,24400,ITM,2025-05-29,2025-05-29_PE_24400,runners
2025-05-12 10:00:00,2025-05-12 11:00:00,246.56105021000076,228.56105021000076,-18.0,SL,False,False,False,2025-05-12,PE,24400,ITM,2025-05-29,2025-05-29_PE_24400,runners
2025-05-13 10:00:00,2025-05-13 11:00:00,175.56067083443304,157.56067083443304,-18.0,SL,False,False,False,2025-05-13,PE,24400,ITM,2025-05-29,2025-05-29_PE_24400,runners
2025-05-14 09:00:00,2025-05-14 10:00:00,202.52393166318325,184.52393166318325,-18.0,SL,False,False,False,2025-05-14,PE,24400,ITM,2025-05-29,2025-05-29_PE_24400,runners
2025-05-14 15:00:00,2025-05-15 09:00:00,174.39005813878612,156.39005813878612,-18.0,SL,False,False,False,2025-05-14,PE,24400,ITM,2025-05-29,2025-05-29_PE_24400,runners
2025-05-20 10:00:00,2025-05-20 11:00:00,59.407823534643285,94.40782353464328,35.0,TP3,True,True,True,2025-05-20,PE,24400,ITM,2025-05-29,2025-05-29_PE_24400,runners
2025-05-21 11:00:00,2025-05-21 13:00:00,77.87769113876857,82.87769113876857,5.0,BE/trail,True,True,False,2025-05-21,PE,24400,ITM,2025-05-29,2025-05-29_PE_24400,runners
2025-05-23 11:00:00,2025-05-23 12:00:00,64.19848319953417,46.19848319953417,-18.0,SL,False,False,False,2025-05-23,PE,24400,ITM,2025-05-29,2025-05-29_PE_24400,runners
2025-05-26 10:00:00,2025-05-26 11:00:00,36.3564555767739,18.356455576773897,-18.0,SL,False,False,False,2025-05-26,PE,24400,ITM,2025-05-29,2025-05-29_PE_24400,runners
2025-05-27 10:00:00,2025-05-28 09:00:00,26.401380772230368,8.401380772230368,-18.0,SL,False,False,False,2025-05-27,PE,24400,ITM,2025-05-29,2025-05-29_PE_24400,runners
2025-05-07 13:00:00,2025-05-07 14:00:00,368.3989717243112,403.3989717243112,35.0,TP3,True,True,True,2025-05-07,PE,24450,ITM,2025-05-29,2025-05-29_PE_24450,runners
2025-05-12 10:00:00,2025-05-12 11:00:00,259.5597269091195,241.5597269091195,-18.0,SL,False,False,False,2025-05-12,PE,24450,ITM,2025-05-29,2025-05-29_PE_24450,runners
2025-05-13 10:00:00,2025-05-13 11:00:00,191.52412679496229,173.52412679496229,-18.0,SL,False,False,False,2025-05-13,PE,24450,ITM,2025-05-29,2025-05-29_PE_24450,runners
2025-05-14 09:00:00,2025-05-14 10:00:00,220.46328334336613,202.46328334336613,-18.0,SL,False,False,False,2025-05-14,PE,24450,ITM,2025-05-29,2025-05-29_PE_24450,runners
2025-05-14 15:00:00,2025-05-15 09:00:00,191.01601357046275,173.01601357046275,-18.0,SL,False,False,False,2025-05-14,PE,24450,ITM,2025-05-29,2025-05-29_PE_24450,runners
2025-05-20 10:00:00,2025-05-20 11:00:00,67.68103392824833,49.681033928248326,-18.0,SL,False,False,False,2025-05-20,PE,24450,ITM,2025-05-29,2025-05-29_PE_24450,runners
2025-05-21 11:00:00,2025-05-21 13:00:00,88.85181472928252,93.85181472928252,5.0,BE/trail,True,True,False,2025-05-21,PE,24450,ITM,2025-05-29,2025-05-29_PE_24450,runners
2025-05-23 12:00:00,2025-05-23 13:00:00,60.97453523646436,95.97453523646436,35.0,TP3,True,True,True,2025-05-23,PE,24450,ITM,2025-05-29,2025-05-29_PE_24450,runners
2025-05-26 11:00:00,2025-05-26 13:00:00,34.40104885139317,34.40104885139317,0.0,BE/trail,True,False,False,2025-05-26,PE,24450,ITM,2025-05-29,2025-05-29_PE_24450,runners
2025-05-27 14:00:00,2025-05-28 09:00:00,30.543732688510318,30.543732688510318,0.0,BE/trail,True,False,False,2025-05-27,PE,24450,ITM,2025-05-29,2025-05-29_PE_24450,runners
2025-06-09 11:00:00,2025-06-09 12:00:00,664.2832950434022,646.2832950434022,-18.0,SL,False,False,False,2025-06-09,CE,24650,ITM,2025-06-26,2025-06-26_CE_24650,runners
2025-06-10 10:00:00,2025-06-10 11:00:00,656.198810044687,638.198810044687,-18.0,SL,False,False,False,2025-06-10,CE,24650,ITM,2025-06-26,2025-06-26_CE_24650,runners
2025-06-24 09:00:00,2025-06-24 10:00:00,556.9140505589858,538.9140505589858,-18.0,SL,False,False,False,2025-06-24,CE,24650,ITM,2025-06-26,2025-06-26_CE_24650,runners
2025-06-25 10:00:00,2025-06-25 11:00:00,549.3647459515269,531.3647459515269,-18.0,SL,False,False,False,2025-06-25,CE,24650,ITM,2025-06-26,2025-06-26_CE_24650,runners
2025-06-26 09:00:00,2025-06-26 10:00:00,623.6769439771851,658.6769439771851,35.0,TP3,True,True,True,2025-06-26,CE,24650,ITM,2025-06-26,2025-06-26_CE_24650,runners
2025-06-09 11:00:00,2025-06-09 12:00:00,622.4587863809647,604.4587863809647,-18.0,SL,False,False,False,2025-06-09,CE,24700,ITM,2025-06-26,2025-06-26_CE_24700,runners
2025-06-10 10:00:00,2025-06-10 11:00:00,613.1767731124964,595.1767731124964,-18.0,SL,False,False,False,2025-06-10,CE,24700,ITM,2025-06-26,2025-06-26_CE_24700,runners
2025-06-24 09:00:00,2025-06-24 10:00:00,509.20174478941044,491.20174478941044,-18.0,SL,False,False,False,2025-06-24,CE,24700,ITM,2025-06-26,2025-06-26_CE_24700,runners
2025-06-25 10:00:00,2025-06-25 11:00:00,499.38193695075097,481.38193695075097,-18.0,SL,False,False,False,2025-06-25,CE,24700,ITM,2025-06-26,2025-06-26_CE_24700,runners
2025-06-26 09:00:00,2025-06-26 10:00:00,573.6865320988436,608.6865320988436,35.0,TP3,True,True,True,2025-06-26,CE,24700,ITM,2025-06-26,2025-06-26_CE_24700,runners
2025-06-09 11:00:00,2025-06-09 12:00:00,585.0397469349773,567.0397469349773,-18.0,SL,False,False,False,2025-06-09,CE,24750,ATM,2025-06-26,2025-06-26_CE_24750,runners
2025-06-10 10:00:00,2025-06-10 11:00:00,576.0560117040113,558.0560117040113,-18.0,SL,False,False,False,2025-06-10,CE,24750,ATM,2025-06-26,2025-06-26_CE_24750,runners
2025-06-24 09:00:00,2025-06-24 10:00:00,460.3753878341922,442.3753878341922,-18.0,SL,False,False,False,2025-06-24,CE,24750,ATM,2025-06-26,2025-06-26_CE_24750,runners
2025-06-25 10:00:00,2025-06-25 11:00:00,449.99785866264574,431.99785866264574,-18.0,SL,False,False,False,2025-06-25,CE,24750,ATM,2025-06-26,2025-06-26_CE_24750,runners
2025-06-26 09:00:00,2025-06-26 10:00:00,523.696120220502,558.696120220502,35.0,TP3,True,True,True,2025-06-26,CE,24750,ATM,2025-06-26,2025-06-26_CE_24750,runners
2025-06-09 11:00:00,2025-06-09 12:00:00,548.9123963579623,530.9123963579623,-18.0,SL,False,False,False,2025-06-09,CE,24800,OTM,2025-06-26,2025-06-26_CE_24800,runners
2025-06-25 11:00:00,2025-06-25 12:00:00,433.0815394531601,415.0815394531601,-18.0,SL,False,False,False,2025-06-25,CE,24800,OTM,2025-06-26,2025-06-26_CE_24800,runners
2025-06-09 10:00:00,2025-06-09 11:00:00,529.3498914203519,511.3498914203519,-18.0,SL,False,False,False,2025-06-09,CE,24850,OTM,2025-06-26,2025-06-26_CE_24850,runners
2025-06-10 09:00:00,2025-06-10 10:00:00,533.7374148923882,515.7374148923882,-18.0,SL,False,False,False,2025-06-10,CE,24850,OTM,2025-06-26,2025-06-26_CE_24850,runners
2025-06-25 11:00:00,2025-06-25 12:00:00,383.84860644278524,365.84860644278524,-18.0,SL,False,False,False,2025-06-25,CE,24850,OTM,2025-06-26,2025-06-26_CE_24850,runners
2025-06-05 09:00:00,2025-06-05 10:00:00,274.4761953944944,256.4761953944944,-18.0,SL,False,False,False,2025-06-05,PE,24650,OTM,2025-06-26,2025-06-26_PE_24650,runners
2025-06-05 15:00:00,2025-06-06 09:00:00,242.7315371427303,224.7315371427303,-18.0,SL,False,False,False,2025-06-05,PE,24650,OTM,2025-06-26,2025-06-26_PE_24650,runners
2025-06-16 13:00:00,2025-06-16 14:00:00,109.82400606316605,144.82400606316605,35.0,TP3,True,True,True,2025-06-16,PE,24650,OTM,2025-06-26,2025-06-26_PE_24650,runners
2025-06-20 11:00:00,2025-06-20 12:00:00,63.830191017130346,45.830191017130346,-18.0,SL,False,False,False,2025-06-20,PE,24650,OTM,2025-06-26,2025-06-26_PE_24650,runners
2025-06-23 10:00:00,2025-06-23 12:00:00,38.138588003607765,38.138588003607765,0.0,BE/trail,True,False,False,2025-06-23,PE,24650,OTM,2025-06-26,2025-06-26_PE_24650,runners
2025-06-05 09:00:00,2025-06-05 10:00:00,297.03676213273866,279.03676213273866,-18.0,SL,False,False,False,2025-06-05,PE,24700,OTM,2025-06-26,2025-06-26_PE_24700,runners
2025-06-05 15:00:00,2025-06-06 09:00:00,263.941195294492,245.941195294492,-18.0,SL,False,False,False,2025-06-05,PE,24700,OTM,2025-06-26,2025-06-26_PE_24700,runners
2025-06-16 13:00:00,2025-06-16 14:00:00,121.99427522333917,156.99427522333917,35.0,TP3,True,True,True,2025-06-16,PE,24700,OTM,2025-06-26,2025-06-26_PE_24700,runners
2025-06-20 11:00:00,2025-06-20 12:00:00,71.63383215130216,53.63383215130216,-18.0,SL,False,False,False,2025-06-20,PE,24700,OTM,2025-06-26,2025-06-26_PE_24700,runners
2025-06-23 10:00:00,2025-06-23 12:00:00,44.84105433696095,44.84105433696095,0.0,BE/trail,True,False,False,2025-06-23,PE,24700,OTM,2025-06-26,2025-06-26_PE_24700,runners
2025-06-05 09:00:00,2025-06-05 10:00:00,317.54103939650486,299.54103939650486,-18.0,SL,False,False,False,2025-06-05,PE,24750,ATM,2025-06-26,2025-06-26_PE_24750,runners
2025-06-05 15:00:00,2025-06-06 09:00:00,283.2245188579873,265.2245188579873,-18.0,SL,False,False,False,2025-06-05,PE,24750,ATM,2025-06-26,2025-06-26_PE_24750,runners
2025-06-16 13:00:00,2025-06-16 14:00:00,135.82236903792727,170.82236903792727,35.0,TP3,True,True,True,2025-06-16,PE,24750,ATM,2025-06-26,2025-06-26_PE_24750,runners
2025-06-23 09:00:00,2025-06-23 10:00:00,68.21498579629133,50.21498579629133,-18.0,SL,False,False,False,2025-06-23,PE,24750,ATM,2025-06-26,2025-06-26_PE_24750,runners
2025-06-23 15:00:00,2025-06-24 09:00:00,40.87478065322375,22.874780653223752,-18.0,SL,False,False,False,2025-06-23,PE,24750,ATM,2025-06-26,2025-06-26_PE_24750,runners
2025-06-05 09:00:00,2025-06-05 10:00:00,342.22863969609716,324.22863969609716,-18.0,SL,False,False,False,2025-06-05,PE,24800,ITM,2025-06-26,2025-06-26_PE_24800,runners
2025-06-05 15:00:00,2025-06-06 09:00:00,306.6080810549065,288.6080810549065,-18.0,SL,False,False,False,2025-06-05,PE,24800,ITM,2025-06-26,2025-06-26_PE_24800,runners
2025-06-16 13:00:00,2025-06-16 14:00:00,150.55749479529732,185.55749479529732,35.0,TP3,True,True,True,2025-06-16,PE,24800,ITM,2025-06-26,2025-06-26_PE_24800,runners
2025-06-23 09:00:00,2025-06-23 10:00:00,79.88162311355154,61.88162311355154,-18.0,SL,False,False,False,2025-06-23,PE,24800,ITM,2025-06-26,2025-06-26_PE_24800,runners
2025-06-23 15:00:00,2025-06-24 09:00:00,50.41213701502784,32.41213701502784,-18.0,SL,False,False,False,2025-06-23,PE,24800,ITM,2025-06-26,2025-06-26_PE_24800,runners
2025-06-24 14:00:00,2025-06-25 09:00:00,21.540298423466083,3.5402984234660835,-18.0,SL,False,False,False,2025-06-24,PE,24800,ITM,2025-06-26,2025-06-26_PE_24800,runners
2025-06-05 09:00:00,2025-06-05 10:00:00,365.526065618189,347.526065618189,-18.0,SL,False,False,False,2025-06-05,PE,24850,ITM,2025-06-26,2025-06-26_PE_24850,runners
2025-06-05 15:00:00,2025-06-06 09:00:00,328.6991985331297,310.6991985331297,-18.0,SL,False,False,False,2025-06-05,PE,24850,ITM,2025-06-26,2025-06-26_PE_24850,runners
2025-06-10 13:00:00,2025-06-10 14:00:00,156.9517117162368,138.9517117162368,-18.0,SL,False,False,False,2025-06-10,PE,24850,ITM,2025-06-26,2025-06-26_PE_24850,runners
2025-06-16 13:00:00,2025-06-16 14:00:00,166.54133719631318,201.54133719631318,35.0,TP3,True,True,True,2025-06-16,PE,24850,ITM,2025-06-26,2025-06-26_PE_24850,runners
2025-06-23 09:00:00,2025-06-23 10:00:00,93.9762195506446,75.9762195506446,-18.0,SL,False,False,False,2025-06-23,PE,24850,ITM,2025-06-26,2025-06-26_PE_24850,runners
2025-06-23 15:00:00,2025-06-24 09:00:00,62.418806149250486,44.418806149250486,-18.0,SL,False,False,False,2025-06-23,PE,24850,ITM,2025-06-26,2025-06-26_PE_24850,runners
2025-06-24 14:00:00,2025-06-25 09:00:00,29.787756776868264,11.787756776868264,-18.0,SL,False,False,False,2025-06-24,PE,24850,ITM,2025-06-26,2025-06-26_PE_24850,runners
2025-07-15 14:00:00,2025-07-15 15:00:00,243.5787659986472,278.5787659986472,35.0,TP3,True,True,True,2025-07-15,PE,25350,OTM,2025-07-31,2025-07-31_PE_25350,runners
2025-07-22 09:00:00,2025-07-22 10:00:00,231.7547453444986,266.7547453444986,35.0,TP3,True,True,True,2025-07-22,PE,25350,OTM,2025-07-31,2025-07-31_PE_25350,runners
2025-07-23 09:00:00,2025-07-23 10:00:00,233.90556817608012,215.90556817608012,-18.0,SL,False,False,False,2025-07-23,PE,25350,OTM,2025-07-31,2025-07-31_PE_25350,runners
2025-07-23 15:00:00,2025-07-24 09:00:00,176.4706917171461,211.4706917171461,35.0,TP3,True,True,True,2025-07-23,PE,25350,OTM,2025-07-31,2025-07-31_PE_25350,runners
2025-07-15 14:00:00,2025-07-15 15:00:00,274.3940788836753,309.3940788836753,35.0,TP3,True,True,True,2025-07-15,PE,25400,OTM,2025-07-31,2025-07-31_PE_25400,runners
2025-07-22 09:00:00,2025-07-22 10:00:00,266.3419163466788,301.3419163466788,35.0,TP3,True,True,True,2025-07-22,PE,25400,OTM,2025-07-31,2025-07-31_PE_25400,runners
2025-07-23 09:00:00,2025-07-23 10:00:00,270.6695950225003,252.6695950225003,-18.0,SL,False,False,False,2025-07-23,PE,25400,OTM,2025-07-31,2025-07-31_PE_25400,runners
2025-07-23 15:00:00,2025-07-24 09:00:00,209.8043441857444,244.8043441857444,35.0,TP3,True,True,True,2025-07-23,PE,25400,OTM,2025-07-31,2025-07-31_PE_25400,runners
2025-07-15 14:00:00,2025-07-15 15:00:00,303.2842237201603,338.2842237201603,35.0,TP3,True,True,True,2025-07-15,PE,25450,ATM,2025-07-31,2025-07-31_PE_25450,runners
2025-07-22 09:00:00,2025-07-22 10:00:00,303.82416983018993,338.82416983018993,35.0,TP3,True,True,True,2025-07-22,PE,25450,ATM,2025-07-31,2025-07-31_PE_25450,runners
2025-07-23 09:00:00,2025-07-23 10:00:00,310.1351360706394,292.1351360706394,-18.0,SL,False,False,False,2025-07-23,PE,25450,ATM,2025-07-31,2025-07-31_PE_25450,runners
2025-07-23 15:00:00,2025-07-24 09:00:00,246.3602524802518,281.3602524802518,35.0,TP3,True,True,True,2025-07-23,PE,25450,ATM,2025-07-31,2025-07-31_PE_25450,runners
2025-07-22 09:00:00,2025-07-22 10:00:00,345.6181181747088,380.6181181747088,35.0,TP3,True,True,True,2025-07-22,PE,25500,ITM,2025-07-31,2025-07-31_PE_25500,runners
2025-07-23 09:00:00,2025-07-23 10:00:00,351.3993258027731,333.3993258027731,-18.0,SL,False,False,False,2025-07-23,PE,25500,ITM,2025-07-31,2025-07-31_PE_25500,runners
2025-07-23 15:00:00,2025-07-24 09:00:00,285.20275359345396,320.20275359345396,35.0,TP3,True,True,True,2025-07-23,PE,25500,ITM,2025-07-31,2025-07-31_PE_25500,runners
2025-07-22 09:00:00,2025-07-22 10:00:00,387.3628396045897,422.3628396045897,35.0,TP3,True,True,True,2025-07-22,PE,25550,ITM,2025-07-31,2025-07-31_PE_25550,runners
2025-07-23 09:00:00,2025-07-23 10:00:00,395.3089713852896,377.3089713852896,-18.0,SL,False,False,False,2025-07-23,PE,25550,ITM,2025-07-31,2025-07-31_PE_25550,runners
2025-07-23 15:00:00,2025-07-24 09:00:00,327.2128213318865,362.2128213318865,35.0,TP3,True,True,True,2025-07-23,PE,25550,ITM,2025-07-31,2025-07-31_PE_25550,runners
