trades,profit_trades,loss_trades,sl_hits,tp1,tp2,tp3,engine_sell,net,win_rate,avg,profit_factor,days_tp1_ok,trading_days,engine,symbol,side
49,8,41,39,24,12,7,3,-215.901171875,16.3265306122449,-4.4061463647959185,0.5473781101494282,20,36,E1 Swing Structure,Nifty,CE
29,4,25,22,13,6,2,5,-204.1513671875,13.793103448275861,-7.039702316810345,0.2934143353901565,12,21,E2 Opening Range Breakout,Nifty,CE
47,14,33,5,26,14,4,38,-23.496093750000014,29.78723404255319,-0.4999168882978726,0.8786028122168156,24,30,E3 VWAP Reclaim,Nifty,CE
6,2,4,4,4,3,2,0,22.000000000000007,33.333333333333336,3.666666666666668,1.4583333333333333,3,4,E4 Prev Day High/Low Break,Nifty,CE
51,13,38,16,21,16,4,31,-139.39882812500002,25.49019607843137,-2.7333103553921574,0.5794245536127302,18,35,E5 Pullback Continuation,Nifty,CE
74,9,65,63,36,21,9,2,-451.65078124999997,12.162162162162161,-6.10338893581081,0.4108780786558417,26,39,E6 EMA Stack Momentum,Nifty,CE
49,16,33,20,23,9,4,25,-116.1244140625,32.6530612244898,-2.36988600127551,0.6108084719756597,19,35,E7 ATR Expansion Impulse,Nifty,CE
38,8,30,2,18,9,3,33,-33.87519531249999,21.05263157894737,-0.8914525082236839,0.8022175138665888,15,26,E8 RSI Regime,Nifty,CE
35,7,28,12,18,9,2,21,-85.6759765625,20.0,-2.4478850446428573,0.5918749185910199,17,30,E9 MACD Histogram,Nifty,CE
19,3,16,15,9,3,1,3,-144.62421874999998,15.789473684210526,-7.611800986842105,0.22245043682795704,9,18,E10 Supertrend,Nifty,CE
35,9,26,13,11,4,1,21,-110.84804687499998,25.714285714285715,-3.167087053571428,0.4795198180517599,11,25,E11 Engulf + Volume,Nifty,CE
28,10,18,13,14,8,1,14,-39.95000000000001,35.714285714285715,-1.4267857142857145,0.7540775865592935,14,26,E12 Rejection Wick Sweep,Nifty,CE
31,8,23,19,19,10,4,8,-72.27402343750003,25.806451612903224,-2.3314201108870978,0.6996704062824897,18,28,E13 Inside Bar Breakout,Nifty,CE
184,80,104,10,38,7,0,174,-45.8953125,43.47826086956522,-0.24943104619565218,0.9009314344039229,27,52,E14 Round Premium Levels,Nifty,CE
21,4,17,12,13,6,4,5,-34.450390625000004,19.047619047619047,-1.6404947916666668,0.8025204156804965,13,18,E15 Option CPR / Pivot,Nifty,CE
48,8,40,24,28,10,4,20,-211.7505859375,16.666666666666668,-4.411470540364584,0.4401476672539757,24,33,E16 Donchian Channel Break,Nifty,CE
5,1,4,1,2,1,1,3,-0.22343750000000107,20.0,-0.04468750000000021,0.9936565674488754,2,5,E21 Bollinger Squeeze Break,Nifty,CE
44,10,34,31,25,19,10,3,-38.70019531249999,22.727272727272727,-0.879549893465909,0.9004369028387379,22,34,E1 Swing Structure,Nifty,PE
16,1,15,13,9,4,1,2,-128.7248046875,6.25,-8.04530029296875,0.21377335014571658,9,15,E2 Opening Range Breakout,Nifty,PE
43,8,35,8,22,13,7,28,-2.0273437500000107,18.6046511627907,-0.04714752906976769,0.991860604620636,20,33,E3 VWAP Reclaim,Nifty,PE
19,1,18,18,10,5,1,0,-181.0,5.2631578947368425,-9.526315789473685,0.16203703703703703,10,14,E4 Prev Day High/Low Break,Nifty,PE
56,12,44,18,31,17,6,32,-135.47636718749996,21.428571428571427,-2.4192208426339277,0.6336774895432847,25,35,E5 Pullback Continuation,Nifty,PE
69,15,54,54,48,31,14,1,-155.82480468749998,21.73913043478261,-2.2583305027173908,0.7595296223958333,32,38,E6 EMA Stack Momentum,Nifty,PE
45,15,30,12,27,15,8,25,61.30117187500002,33.333333333333336,1.3622482638888893,1.2518801005074325,22,32,E7 ATR Expansion Impulse,Nifty,PE
36,7,29,11,14,9,4,21,-41.17480468750001,19.444444444444443,-1.143744574652778,0.8039528404356624,14,29,E8 RSI Regime,Nifty,PE
22,4,18,10,8,3,1,11,-103.52558593749998,18.181818181818183,-4.705708451704544,0.35768366661900247,8,19,E9 MACD Histogram,Nifty,PE
11,3,8,7,7,3,2,2,-16.050000000000004,27.272727272727273,-1.4590909090909094,0.8166238217652099,7,11,E10 Supertrend,Nifty,PE
31,9,22,9,19,10,1,21,-70.0013671875,29.032258064516128,-2.2581086189516126,0.5698871695912326,17,27,E11 Engulf + Volume,Nifty,PE
24,7,17,10,15,7,3,11,-18.877148437499994,29.166666666666668,-0.7865478515624997,0.8756050756207779,15,21,E12 Rejection Wick Sweep,Nifty,PE
29,11,18,14,18,9,6,9,66.6,37.93103448275862,2.296551724137931,1.3701040114355054,16,25,E13 Inside Bar Breakout,Nifty,PE
169,75,94,12,45,11,2,155,-9.423242187500016,44.37869822485207,-0.05575882951183441,0.9788918240435545,29,51,E14 Round Premium Levels,Nifty,PE
22,8,14,13,13,9,8,1,115.34980468749998,36.36363636363637,5.243172940340909,1.7005749642056016,13,18,E15 Option CPR / Pivot,Nifty,PE
48,10,38,29,22,12,6,13,-152.20078125000003,20.833333333333332,-3.1708496093750007,0.6220259330056742,20,32,E16 Donchian Channel Break,Nifty,PE
6,2,4,2,4,2,2,2,33.5,33.333333333333336,5.583333333333333,1.917808219178082,4,6,E21 Bollinger Squeeze Break,Nifty,PE
66,25,41,41,54,40,25,0,383.0,37.878787878787875,5.803030303030303,1.7784552845528456,28,33,E1 Swing Structure,BankNifty,CE
21,10,11,11,20,17,10,0,218.00000000000003,47.61904761904762,10.380952380952383,2.6515151515151514,17,17,E2 Opening Range Breakout,BankNifty,CE
66,20,46,43,50,32,20,3,164.92578125000003,30.303030303030305,2.498875473484849,1.3082297286445368,34,40,E3 VWAP Reclaim,BankNifty,CE
17,7,10,10,14,11,7,0,125.0,41.1764705882353,7.352941176470588,2.0416666666666665,9,10,E4 Prev Day High/Low Break,BankNifty,CE
83,20,63,60,65,37,20,3,-40.3015625,24.096385542168676,-0.48556099397590363,0.9455606140234238,27,29,E5 Pullback Continuation,BankNifty,CE
119,37,82,82,93,58,37,0,311.0,31.092436974789916,2.6134453781512605,1.3160569105691058,31,34,E6 EMA Stack Momentum,BankNifty,CE
59,23,36,36,50,35,22,1,357.70078125,38.983050847457626,6.062725105932203,1.8280110677083332,33,35,E7 ATR Expansion Impulse,BankNifty,CE
47,10,37,33,37,25,10,4,-68.64882812500002,21.27659574468085,-1.4606133643617025,0.8360228823941606,25,32,E8 RSI Regime,BankNifty,CE
35,12,23,23,27,16,12,0,144.0,34.285714285714285,4.114285714285714,1.5217391304347827,25,28,E9 MACD Histogram,BankNifty,CE
20,10,10,10,19,16,10,0,229.99999999999997,50.0,11.499999999999998,2.9166666666666665,17,18,E10 Supertrend,BankNifty,CE
39,11,28,27,35,23,11,1,56.62617187500001,28.205128205128204,1.4519531250000004,1.1724442297924074,22,24,E11 Engulf + Volume,BankNifty,CE
37,10,27,23,32,17,9,5,36.47070312499998,27.027027027027028,0.9856946790540535,1.1285411988550866,27,28,E12 Rejection Wick Sweep,BankNifty,CE
34,9,25,24,26,14,9,1,18.899609374999976,26.470588235294116,0.5558708639705875,1.0638283837961418,18,23,E13 Inside Bar Breakout,BankNifty,CE
188,76,112,96,153,88,34,58,461.46685267857157,40.42553191489362,2.4546109185030405,1.3798978980463394,49,50,E14 Round Premium Levels,BankNifty,CE
20,8,12,12,18,12,8,0,136.0,40.0,6.8,1.9444444444444444,14,16,E15 Option CPR / Pivot,BankNifty,CE
67,24,43,43,54,41,24,0,324.0,35.82089552238806,4.835820895522388,1.627906976744186,34,37,E16 Donchian Channel Break,BankNifty,CE
8,4,4,4,7,6,4,0,92.0,50.0,11.5,2.9166666666666665,7,8,E21 Bollinger Squeeze Break,BankNifty,CE
57,15,42,42,40,28,15,0,21.000000000000007,26.31578947368421,0.3684210526315791,1.0416666666666667,25,32,E1 Swing Structure,BankNifty,PE
27,5,22,22,21,14,5,0,-89.0,18.51851851851852,-3.2962962962962963,0.6628787878787878,19,20,E2 Opening Range Breakout,BankNifty,PE
50,22,28,24,42,36,22,4,464.77382812499997,44.0,9.2954765625,2.522719448564653,25,29,E3 VWAP Reclaim,BankNifty,PE
5,1,4,4,4,3,1,0,-13.0,20.0,-2.6,0.7291666666666666,4,4,E4 Prev Day High/Low Break,BankNifty,PE
74,27,47,44,62,48,27,3,400.625390625,36.486486486486484,5.413856630067568,1.7359369517343226,35,36,E5 Pullback Continuation,BankNifty,PE
110,31,79,79,92,58,31,0,137.0,28.181818181818183,1.2454545454545454,1.1445147679324894,37,38,E6 EMA Stack Momentum,BankNifty,PE
51,20,31,29,44,37,19,3,321.3734375,39.21568627450981,6.3014399509803924,1.897439505550665,29,29,E7 ATR Expansion Impulse,BankNifty,PE
36,16,20,19,31,20,16,1,331.449609375,44.44444444444444,9.206933593750001,2.4502255212454855,23,27,E8 RSI Regime,BankNifty,PE
40,13,27,27,34,21,13,0,131.0,32.5,3.275,1.404320987654321,25,26,E9 MACD Histogram,BankNifty,PE
18,3,15,15,15,7,3,0,-75.0,16.666666666666668,-4.166666666666667,0.5833333333333334,13,16,E10 Supertrend,BankNifty,PE
34,11,23,21,28,16,11,2,121.57499999999999,32.35294117647059,3.5757352941176466,1.4615165606908986,21,23,E11 Engulf + Volume,BankNifty,PE
20,10,10,10,18,14,10,0,229.99999999999997,50.0,11.499999999999998,2.9166666666666665,15,17,E12 Rejection Wick Sweep,BankNifty,PE
24,6,18,17,20,12,6,1,3.2000000000000313,25.0,0.13333333333333464,1.0154738878143135,19,22,E13 Inside Bar Breakout,BankNifty,PE
174,83,91,70,136,79,38,66,813.0679687499999,47.701149425287355,4.672804418103447,1.8545335412340533,45,46,E14 Round Premium Levels,BankNifty,PE
34,7,27,27,26,17,7,0,-79.0,20.58823529411765,-2.323529411764706,0.7561728395061729,18,19,E15 Option CPR / Pivot,BankNifty,PE
55,11,44,44,46,27,11,0,-143.0,20.0,-2.6,0.7291666666666666,30,34,E16 Donchian Channel Break,BankNifty,PE
7,4,3,3,6,5,4,0,104.0,57.142857142857146,14.857142857142858,3.888888888888889,6,7,E21 Bollinger Squeeze Break,BankNifty,PE
52,19,33,33,43,30,19,0,269.0,36.53846153846154,5.173076923076923,1.6792929292929293,26,29,E1 Swing Structure,Sensex,CE
24,8,16,16,19,13,8,0,87.99999999999999,33.333333333333336,3.666666666666666,1.4583333333333333,15,18,E2 Opening Range Breakout,Sensex,CE
68,29,39,38,55,38,29,1,552.0828125,42.64705882352941,8.118864889705883,2.1926167949856046,36,38,E3 VWAP Reclaim,Sensex,CE
10,3,7,7,8,4,3,0,21.0,30.0,2.1,1.25,8,8,E4 Prev Day High/Low Break,Sensex,CE
71,17,54,53,54,30,17,1,-46.521874999999966,23.943661971830984,-0.6552376760563375,0.9274820129866966,31,35,E5 Pullback Continuation,Sensex,CE
125,33,92,92,98,58,33,0,50.999999999999986,26.4,0.40799999999999986,1.046195652173913,39,41,E6 EMA Stack Momentum,Sensex,CE
65,26,39,37,51,40,24,4,404.69453125000007,40.0,6.226069711538463,1.8917290980953823,32,38,E7 ATR Expansion Impulse,Sensex,CE
54,19,35,33,42,31,19,2,257.9480189732143,35.18518518518518,4.776815166170635,1.6336979820674065,27,33,E8 RSI Regime,Sensex,CE
38,11,27,26,34,24,11,1,69.4730189732143,28.94736842105263,1.828237341400376,1.2201809136801411,28,31,E9 MACD Histogram,Sensex,CE
28,10,18,18,24,18,10,0,134.0,35.714285714285715,4.785714285714286,1.6203703703703705,22,25,E10 Supertrend,Sensex,CE
41,11,30,29,32,20,10,2,-1.946875000000027,26.829268292682926,-0.047484756097561635,0.9944772441182206,23,26,E11 Engulf + Volume,Sensex,CE
29,5,24,22,22,10,5,2,-104.77968750000002,17.24137931034483,-3.613092672413794,0.625492156216666,18,21,E12 Rejection Wick Sweep,Sensex,CE
38,12,26,26,33,22,12,0,108.0,31.57894736842105,2.8421052631578947,1.3461538461538463,24,27,E13 Inside Bar Breakout,Sensex,CE
197,82,115,93,159,88,35,69,533.4644252232142,41.6243654822335,2.7079412447878894,1.4342555172099334,50,51,E14 Round Premium Levels,Sensex,CE
23,8,15,15,20,15,8,0,100.0,34.78260869565217,4.3478260869565215,1.5555555555555556,13,16,E15 Option CPR / Pivot,Sensex,CE
68,20,48,48,56,34,20,0,124.0,29.41176470588235,1.8235294117647058,1.2152777777777777,33,38,E16 Donchian Channel Break,Sensex,CE
5,2,3,3,5,3,2,0,34.0,40.0,6.8,1.9444444444444444,5,5,E21 Bollinger Squeeze Break,Sensex,CE
66,22,44,44,54,35,22,0,242.00000000000006,33.333333333333336,3.6666666666666674,1.4583333333333333,34,35,E1 Swing Structure,Sensex,PE
21,8,13,13,17,11,8,0,124.00000000000001,38.095238095238095,5.904761904761905,1.794871794871795,14,15,E2 Opening Range Breakout,Sensex,PE
48,27,21,20,43,35,27,1,697.2835937499999,56.25,14.526741536458331,3.814846236087764,28,29,E3 VWAP Reclaim,Sensex,PE
19,4,15,15,15,10,4,0,-40.0,21.05263157894737,-2.1052631578947367,0.7777777777777778,11,13,E4 Prev Day High/Low Break,Sensex,PE
68,34,34,34,57,42,34,0,782.0,50.0,11.5,2.9166666666666665,31,32,E5 Pullback Continuation,Sensex,PE
117,44,73,73,94,70,44,0,664.0,37.60683760683761,5.6752136752136755,1.7579908675799087,36,37,E6 EMA Stack Momentum,Sensex,PE
61,29,32,31,49,34,28,2,608.10625,47.540983606557376,9.968954918032788,2.619080107831065,29,33,E7 ATR Expansion Impulse,Sensex,PE
37,15,22,20,31,20,15,2,269.88250558035713,40.54054054054054,7.294121772442085,2.057875337770554,22,25,E8 RSI Regime,Sensex,PE
24,9,15,15,18,12,9,0,135.0,37.5,5.625,1.75,16,20,E9 MACD Histogram,Sensex,PE
18,5,13,13,17,14,5,0,18.999999999999993,27.77777777777778,1.0555555555555551,1.1217948717948718,15,16,E10 Supertrend,Sensex,PE
35,14,21,20,30,23,14,1,245.403125,40.0,7.011517857142857,2.003296239986713,25,28,E11 Engulf + Volume,Sensex,PE
23,9,14,12,21,17,9,2,151.3171875,39.130434782608695,6.5790081521739125,1.9244537357885394,19,21,E12 Rejection Wick Sweep,Sensex,PE
29,11,18,18,20,14,11,0,168.99999999999994,37.93103448275862,5.82758620689655,1.7824074074074074,17,22,E13 Inside Bar Breakout,Sensex,PE
169,71,98,84,133,81,40,45,597.7137555803572,42.01183431952663,3.536767784499155,1.5617456251974737,47,49,E14 Round Premium Levels,Sensex,PE
18,5,13,13,14,12,5,0,18.999999999999993,27.77777777777778,1.0555555555555551,1.1217948717948718,11,14,E15 Option CPR / Pivot,Sensex,PE
55,12,43,43,44,26,12,0,-95.99999999999999,21.818181818181817,-1.7454545454545451,0.813953488372093,29,31,E16 Donchian Channel Break,Sensex,PE
7,3,4,3,6,3,3,1,61.1375,42.857142857142854,8.733928571428573,2.3938444001139927,6,7,E21 Bollinger Squeeze Break,Sensex,PE
