min_score,sl,req7,req3,mba,n,ok10,pct,net,avg
5,30,True,True,0.0,12,11,91.7,80.0,6.67
5,30,True,True,0.35,12,11,91.7,80.0,6.67
5,30,True,True,0.5,12,11,91.7,80.0,6.67
5,30,True,True,0.7,12,11,91.7,80.0,6.67
5,30,True,False,0.0,12,11,91.7,80.0,6.67
5,30,True,False,0.35,12,11,91.7,80.0,6.67
5,30,True,False,0.5,12,11,91.7,80.0,6.67
5,30,True,False,0.7,12,11,91.7,80.0,6.67
3,30,True,True,0.0,27,23,85.2,110.0,4.07
3,30,True,True,0.35,27,23,85.2,110.0,4.07
3,30,True,True,0.5,27,23,85.2,110.0,4.07
3,30,True,True,0.7,24,20,83.3,80.0,3.33
4,30,True,True,0.0,24,20,83.3,80.0,3.33
4,30,True,True,0.35,24,20,83.3,80.0,3.33
4,30,True,True,0.5,24,20,83.3,80.0,3.33
4,30,True,True,0.7,24,20,83.3,80.0,3.33
4,30,True,False,0.0,24,20,83.3,80.0,3.33
4,30,True,False,0.35,24,20,83.3,80.0,3.33
4,30,True,False,0.5,24,20,83.3,80.0,3.33
4,30,True,False,0.7,24,20,83.3,80.0,3.33
3,30,False,True,0.5,48,38,79.2,80.0,1.67
3,30,False,True,0.7,33,26,78.8,50.0,1.52
3,18,True,True,0.0,27,21,77.8,102.0,3.78
3,18,True,True,0.35,27,21,77.8,102.0,3.78
3,18,True,True,0.5,27,21,77.8,102.0,3.78
3,20,True,True,0.0,27,21,77.8,90.0,3.33
3,20,True,True,0.35,27,21,77.8,90.0,3.33
3,20,True,True,0.5,27,21,77.8,90.0,3.33
3,25,True,True,0.0,27,21,77.8,60.0,2.22
3,25,True,True,0.35,27,21,77.8,60.0,2.22
3,25,True,True,0.5,27,21,77.8,60.0,2.22
4,30,False,True,0.35,30,23,76.7,20.0,0.67
4,30,False,True,0.5,30,23,76.7,20.0,0.67
4,30,False,False,0.35,30,23,76.7,20.0,0.67
4,30,False,False,0.5,30,23,76.7,20.0,0.67
5,30,False,True,0.0,17,13,76.5,10.0,0.59
5,30,False,True,0.35,17,13,76.5,10.0,0.59
5,30,False,True,0.5,17,13,76.5,10.0,0.59
5,30,False,False,0.0,17,13,76.5,10.0,0.59
5,30,False,False,0.35,17,13,76.5,10.0,0.59
5,30,False,False,0.5,17,13,76.5,10.0,0.59
3,18,True,True,0.7,24,18,75.0,72.0,3.0
4,18,True,True,0.0,24,18,75.0,72.0,3.0
4,18,True,True,0.35,24,18,75.0,72.0,3.0
4,18,True,True,0.5,24,18,75.0,72.0,3.0
4,18,True,True,0.7,24,18,75.0,72.0,3.0
4,18,True,False,0.0,24,18,75.0,72.0,3.0
4,18,True,False,0.35,24,18,75.0,72.0,3.0
4,18,True,False,0.5,24,18,75.0,72.0,3.0
4,18,True,False,0.7,24,18,75.0,72.0,3.0
3,20,True,True,0.7,24,18,75.0,60.0,2.5
4,20,True,True,0.0,24,18,75.0,60.0,2.5
4,20,True,True,0.35,24,18,75.0,60.0,2.5
4,20,True,True,0.5,24,18,75.0,60.0,2.5
4,20,True,True,0.7,24,18,75.0,60.0,2.5
4,20,True,False,0.0,24,18,75.0,60.0,2.5
4,20,True,False,0.35,24,18,75.0,60.0,2.5
4,20,True,False,0.5,24,18,75.0,60.0,2.5
4,20,True,False,0.7,24,18,75.0,60.0,2.5
5,18,True,True,0.0,12,9,75.0,36.0,3.0
5,18,True,True,0.35,12,9,75.0,36.0,3.0
5,18,True,True,0.5,12,9,75.0,36.0,3.0
5,18,True,True,0.7,12,9,75.0,36.0,3.0
5,18,True,False,0.0,12,9,75.0,36.0,3.0
5,18,True,False,0.35,12,9,75.0,36.0,3.0
5,18,True,False,0.5,12,9,75.0,36.0,3.0
5,18,True,False,0.7,12,9,75.0,36.0,3.0
3,25,True,True,0.7,24,18,75.0,30.0,1.25
4,25,True,True,0.0,24,18,75.0,30.0,1.25
4,25,True,True,0.35,24,18,75.0,30.0,1.25
4,25,True,True,0.5,24,18,75.0,30.0,1.25
4,25,True,True,0.7,24,18,75.0,30.0,1.25
4,25,True,False,0.0,24,18,75.0,30.0,1.25
4,25,True,False,0.35,24,18,75.0,30.0,1.25
4,25,True,False,0.5,24,18,75.0,30.0,1.25
4,25,True,False,0.7,24,18,75.0,30.0,1.25
5,20,True,True,0.0,12,9,75.0,30.0,2.5
5,20,True,True,0.35,12,9,75.0,30.0,2.5
5,20,True,True,0.5,12,9,75.0,30.0,2.5
5,20,True,True,0.7,12,9,75.0,30.0,2.5
5,20,True,False,0.0,12,9,75.0,30.0,2.5
5,20,True,False,0.35,12,9,75.0,30.0,2.5
5,20,True,False,0.5,12,9,75.0,30.0,2.5
5,20,True,False,0.7,12,9,75.0,30.0,2.5
5,25,True,True,0.0,12,9,75.0,15.0,1.25
5,25,True,True,0.35,12,9,75.0,15.0,1.25
5,25,True,True,0.5,12,9,75.0,15.0,1.25
5,25,True,True,0.7,12,9,75.0,15.0,1.25
5,25,True,False,0.0,12,9,75.0,15.0,1.25
5,25,True,False,0.35,12,9,75.0,15.0,1.25
5,25,True,False,0.5,12,9,75.0,15.0,1.25
5,25,True,False,0.7,12,9,75.0,15.0,1.25
3,30,True,False,0.7,27,20,74.1,-10.0,-0.37
4,30,False,True,0.7,27,20,74.1,-10.0,-0.37
4,30,False,False,0.7,27,20,74.1,-10.0,-0.37
5,30,False,True,0.7,15,11,73.3,-10.0,-0.67
5,30,False,False,0.7,15,11,73.3,-10.0,-0.67
3,30,False,True,0.35,56,41,73.2,-40.0,-0.71
3,30,False,False,0.7,37,27,73.0,-30.0,-0.81
3,30,False,False,0.5,55,39,70.9,-90.0,-1.64
3,25,False,True,0.5,48,34,70.8,-10.0,-0.21
4,18,False,True,0.35,30,21,70.0,48.0,1.6
4,18,False,True,0.5,30,21,70.0,48.0,1.6
4,18,False,False,0.35,30,21,70.0,48.0,1.6
4,18,False,False,0.5,30,21,70.0,48.0,1.6
4,20,False,True,0.35,30,21,70.0,30.0,1.0
4,20,False,True,0.5,30,21,70.0,30.0,1.0
4,20,False,False,0.35,30,21,70.0,30.0,1.0
4,20,False,False,0.5,30,21,70.0,30.0,1.0
4,25,False,True,0.35,30,21,70.0,-15.0,-0.5
4,25,False,True,0.5,30,21,70.0,-15.0,-0.5
4,25,False,False,0.35,30,21,70.0,-15.0,-0.5
4,25,False,False,0.5,30,21,70.0,-15.0,-0.5
3,30,True,False,0.0,33,23,69.7,-70.0,-2.12
3,30,True,False,0.35,33,23,69.7,-70.0,-2.12
3,30,True,False,0.5,33,23,69.7,-70.0,-2.12
4,30,False,True,0.0,33,23,69.7,-70.0,-2.12
4,30,False,False,0.0,33,23,69.7,-70.0,-2.12
3,30,False,True,0.0,59,41,69.5,-130.0,-2.2
3,18,True,False,0.7,27,18,66.7,18.0,0.67
4,18,False,True,0.7,27,18,66.7,18.0,0.67
4,18,False,False,0.7,27,18,66.7,18.0,0.67
3,20,True,False,0.7,27,18,66.7,0.0,0.0
4,20,False,True,0.7,27,18,66.7,0.0,0.0
4,20,False,False,0.7,27,18,66.7,0.0,0.0
3,25,True,False,0.7,27,18,66.7,-45.0,-1.67
4,25,False,True,0.7,27,18,66.7,-45.0,-1.67
4,25,False,False,0.7,27,18,66.7,-45.0,-1.67
3,25,False,True,0.7,33,22,66.7,-55.0,-1.67
3,30,False,False,0.35,63,42,66.7,-210.0,-3.33
3,25,False,True,0.35,56,37,66.1,-105.0,-1.88
5,18,False,True,0.0,17,11,64.7,2.0,0.12
5,18,False,True,0.35,17,11,64.7,2.0,0.12
5,18,False,True,0.5,17,11,64.7,2.0,0.12
5,18,False,False,0.0,17,11,64.7,2.0,0.12
5,18,False,False,0.35,17,11,64.7,2.0,0.12
5,18,False,False,0.5,17,11,64.7,2.0,0.12
5,20,False,True,0.0,17,11,64.7,-10.0,-0.59
5,20,False,True,0.35,17,11,64.7,-10.0,-0.59
5,20,False,True,0.5,17,11,64.7,-10.0,-0.59
5,20,False,False,0.0,17,11,64.7,-10.0,-0.59
5,20,False,False,0.35,17,11,64.7,-10.0,-0.59
5,20,False,False,0.5,17,11,64.7,-10.0,-0.59
5,25,False,True,0.0,17,11,64.7,-40.0,-2.35
5,25,False,True,0.35,17,11,64.7,-40.0,-2.35
5,25,False,True,0.5,17,11,64.7,-40.0,-2.35
5,25,False,False,0.0,17,11,64.7,-40.0,-2.35
5,25,False,False,0.35,17,11,64.7,-40.0,-2.35
5,25,False,False,0.5,17,11,64.7,-40.0,-2.35
3,18,False,True,0.5,48,31,64.6,4.0,0.08
3,20,False,True,0.5,48,31,64.6,-30.0,-0.62
3,18,True,False,0.0,33,21,63.6,-6.0,-0.18
3,18,True,False,0.35,33,21,63.6,-6.0,-0.18
3,18,True,False,0.5,33,21,63.6,-6.0,-0.18
3,18,False,True,0.7,33,21,63.6,-6.0,-0.18
4,18,False,True,0.0,33,21,63.6,-6.0,-0.18
4,18,False,False,0.0,33,21,63.6,-6.0,-0.18
3,20,True,False,0.0,33,21,63.6,-30.0,-0.91
3,20,True,False,0.35,33,21,63.6,-30.0,-0.91
3,20,True,False,0.5,33,21,63.6,-30.0,-0.91
3,20,False,True,0.7,33,21,63.6,-30.0,-0.91
4,20,False,True,0.0,33,21,63.6,-30.0,-0.91
4,20,False,False,0.0,33,21,63.6,-30.0,-0.91
3,25,True,False,0.0,33,21,63.6,-90.0,-2.73
3,25,True,False,0.35,33,21,63.6,-90.0,-2.73
3,25,True,False,0.5,33,21,63.6,-90.0,-2.73
4,25,False,True,0.0,33,21,63.6,-90.0,-2.73
4,25,False,False,0.0,33,21,63.6,-90.0,-2.73
3,25,False,False,0.5,55,35,63.6,-150.0,-2.73
3,30,False,False,0.0,66,42,63.6,-300.0,-4.55
3,25,False,True,0.0,59,37,62.7,-180.0,-3.05
3,25,False,False,0.7,37,23,62.2,-120.0,-3.24
3,18,False,True,0.35,56,34,60.7,-56.0,-1.0
3,20,False,True,0.35,56,34,60.7,-100.0,-1.79
3,25,False,False,0.35,63,38,60.3,-245.0,-3.89
5,18,False,True,0.7,15,9,60.0,-18.0,-1.2
5,18,False,False,0.7,15,9,60.0,-18.0,-1.2
5,20,False,True,0.7,15,9,60.0,-30.0,-2.0
5,20,False,False,0.7,15,9,60.0,-30.0,-2.0
5,25,False,True,0.7,15,9,60.0,-60.0,-4.0
5,25,False,False,0.7,15,9,60.0,-60.0,-4.0
3,18,False,False,0.7,37,22,59.5,-50.0,-1.35
3,20,False,False,0.7,37,22,59.5,-80.0,-2.16
3,15,True,True,0.0,27,16,59.3,-5.0,-0.19
3,15,True,True,0.35,27,16,59.3,-5.0,-0.19
3,15,True,True,0.5,27,16,59.3,-5.0,-0.19
3,18,False,False,0.5,55,32,58.2,-94.0,-1.71
3,20,False,False,0.5,55,32,58.2,-140.0,-2.55
3,18,False,True,0.0,59,34,57.6,-110.0,-1.86
3,20,False,True,0.0,59,34,57.6,-160.0,-2.71
3,25,False,False,0.0,66,38,57.6,-320.0,-4.85
3,18,False,False,0.35,63,35,55.6,-154.0,-2.44
3,20,False,False,0.35,63,35,55.6,-210.0,-3.33
3,15,True,True,0.7,24,13,54.2,-35.0,-1.46
4,15,True,True,0.0,24,13,54.2,-35.0,-1.46
4,15,True,True,0.35,24,13,54.2,-35.0,-1.46
4,15,True,True,0.5,24,13,54.2,-35.0,-1.46
4,15,True,True,0.7,24,13,54.2,-35.0,-1.46
4,15,True,False,0.0,24,13,54.2,-35.0,-1.46
4,15,True,False,0.35,24,13,54.2,-35.0,-1.46
4,15,True,False,0.5,24,13,54.2,-35.0,-1.46
4,15,True,False,0.7,24,13,54.2,-35.0,-1.46
3,18,False,False,0.0,66,35,53.0,-208.0,-3.15
3,20,False,False,0.0,66,35,53.0,-270.0,-4.09
3,15,True,False,0.0,33,16,48.5,-95.0,-2.88
3,15,True,False,0.35,33,16,48.5,-95.0,-2.88
3,15,True,False,0.5,33,16,48.5,-95.0,-2.88
3,15,False,True,0.7,33,16,48.5,-95.0,-2.88
3,12,True,True,0.0,27,13,48.1,-38.0,-1.41
3,12,True,True,0.35,27,13,48.1,-38.0,-1.41
3,12,True,True,0.5,27,13,48.1,-38.0,-1.41
3,15,True,False,0.7,27,13,48.1,-80.0,-2.96
4,15,False,True,0.7,27,13,48.1,-80.0,-2.96
4,15,False,False,0.7,27,13,48.1,-80.0,-2.96
3,15,False,True,0.5,48,22,45.8,-170.0,-3.54
3,10,True,True,0.0,27,12,44.4,-30.0,-1.11
3,10,True,True,0.35,27,12,44.4,-30.0,-1.11
3,10,True,True,0.5,27,12,44.4,-30.0,-1.11
4,15,False,True,0.35,30,13,43.3,-125.0,-4.17
4,15,False,True,0.5,30,13,43.3,-125.0,-4.17
4,15,False,False,0.35,30,13,43.3,-125.0,-4.17
4,15,False,False,0.5,30,13,43.3,-125.0,-4.17
3,15,False,False,0.7,37,16,43.2,-155.0,-4.19
3,15,False,False,0.5,55,23,41.8,-250.0,-4.55
3,12,True,True,0.7,24,10,41.7,-68.0,-2.83
4,12,True,True,0.0,24,10,41.7,-68.0,-2.83
4,12,True,True,0.35,24,10,41.7,-68.0,-2.83
4,12,True,True,0.5,24,10,41.7,-68.0,-2.83
4,12,True,True,0.7,24,10,41.7,-68.0,-2.83
4,12,True,False,0.0,24,10,41.7,-68.0,-2.83
4,12,True,False,0.35,24,10,41.7,-68.0,-2.83
4,12,True,False,0.5,24,10,41.7,-68.0,-2.83
4,12,True,False,0.7,24,10,41.7,-68.0,-2.83
3,12,False,True,0.5,48,19,39.6,-158.0,-3.29
3,12,True,False,0.0,33,13,39.4,-110.0,-3.33
3,12,True,False,0.35,33,13,39.4,-110.0,-3.33
3,12,True,False,0.5,33,13,39.4,-110.0,-3.33
3,12,False,True,0.7,33,13,39.4,-110.0,-3.33
4,15,False,True,0.0,33,13,39.4,-170.0,-5.15
4,15,False,False,0.0,33,13,39.4,-170.0,-5.15
3,15,False,True,0.35,56,22,39.3,-290.0,-5.18
3,10,True,True,0.7,24,9,37.5,-60.0,-2.5
4,10,True,True,0.0,24,9,37.5,-60.0,-2.5
4,10,True,True,0.35,24,9,37.5,-60.0,-2.5
4,10,True,True,0.5,24,9,37.5,-60.0,-2.5
4,10,True,True,0.7,24,9,37.5,-60.0,-2.5
4,10,True,False,0.0,24,9,37.5,-60.0,-2.5
4,10,True,False,0.35,24,9,37.5,-60.0,-2.5
4,10,True,False,0.5,24,9,37.5,-60.0,-2.5
4,10,True,False,0.7,24,9,37.5,-60.0,-2.5
3,10,False,True,0.5,48,18,37.5,-120.0,-2.5
3,15,False,True,0.0,59,22,37.3,-335.0,-5.68
3,12,True,False,0.7,27,10,37.0,-104.0,-3.85
4,12,False,True,0.7,27,10,37.0,-104.0,-3.85
4,12,False,False,0.7,27,10,37.0,-104.0,-3.85
3,15,False,False,0.35,63,23,36.5,-370.0,-5.87
3,10,True,False,0.0,33,12,36.4,-90.0,-2.73
3,10,True,False,0.35,33,12,36.4,-90.0,-2.73
3,10,True,False,0.5,33,12,36.4,-90.0,-2.73
3,10,False,True,0.7,33,12,36.4,-90.0,-2.73
3,12,False,False,0.5,55,20,36.4,-220.0,-4.0
3,12,False,False,0.7,37,13,35.1,-158.0,-4.27
3,15,False,False,0.0,66,23,34.8,-415.0,-6.29
3,10,False,False,0.5,55,19,34.5,-170.0,-3.09
3,12,False,True,0.35,56,19,33.9,-254.0,-4.54
5,15,True,True,0.0,12,4,33.3,-80.0,-6.67
5,15,True,True,0.35,12,4,33.3,-80.0,-6.67
5,15,True,True,0.5,12,4,33.3,-80.0,-6.67
5,15,True,True,0.7,12,4,33.3,-80.0,-6.67
5,15,True,False,0.0,12,4,33.3,-80.0,-6.67
5,15,True,False,0.35,12,4,33.3,-80.0,-6.67
5,15,True,False,0.5,12,4,33.3,-80.0,-6.67
5,15,True,False,0.7,12,4,33.3,-80.0,-6.67
3,10,True,False,0.7,27,9,33.3,-90.0,-3.33
4,10,False,True,0.7,27,9,33.3,-90.0,-3.33
4,10,False,False,0.7,27,9,33.3,-90.0,-3.33
4,12,False,True,0.35,30,10,33.3,-140.0,-4.67
4,12,False,True,0.5,30,10,33.3,-140.0,-4.67
4,12,False,False,0.35,30,10,33.3,-140.0,-4.67
4,12,False,False,0.5,30,10,33.3,-140.0,-4.67
3,10,False,False,0.7,37,12,32.4,-130.0,-3.51
3,12,False,True,0.0,59,19,32.2,-290.0,-4.92
3,10,False,True,0.35,56,18,32.1,-200.0,-3.57
3,12,False,False,0.35,63,20,31.7,-316.0,-5.02
3,10,False,True,0.0,59,18,30.5,-230.0,-3.9
4,12,False,True,0.0,33,10,30.3,-176.0,-5.33
4,12,False,False,0.0,33,10,30.3,-176.0,-5.33
3,12,False,False,0.0,66,20,30.3,-352.0,-5.33
3,10,False,False,0.35,63,19,30.2,-250.0,-3.97
4,10,False,True,0.35,30,9,30.0,-120.0,-4.0
4,10,False,True,0.5,30,9,30.0,-120.0,-4.0
4,10,False,False,0.35,30,9,30.0,-120.0,-4.0
4,10,False,False,0.5,30,9,30.0,-120.0,-4.0
3,10,False,False,0.0,66,19,28.8,-280.0,-4.24
4,10,False,True,0.0,33,9,27.3,-150.0,-4.55
4,10,False,False,0.0,33,9,27.3,-150.0,-4.55
5,15,False,True,0.7,15,4,26.7,-125.0,-8.33
5,15,False,False,0.7,15,4,26.7,-125.0,-8.33
5,15,False,True,0.0,17,4,23.5,-155.0,-9.12
5,15,False,True,0.35,17,4,23.5,-155.0,-9.12
5,15,False,True,0.5,17,4,23.5,-155.0,-9.12
5,15,False,False,0.0,17,4,23.5,-155.0,-9.12
5,15,False,False,0.35,17,4,23.5,-155.0,-9.12
5,15,False,False,0.5,17,4,23.5,-155.0,-9.12
5,12,True,True,0.0,12,1,8.3,-122.0,-10.17
5,12,True,True,0.35,12,1,8.3,-122.0,-10.17
5,12,True,True,0.5,12,1,8.3,-122.0,-10.17
5,12,True,True,0.7,12,1,8.3,-122.0,-10.17
5,12,True,False,0.0,12,1,8.3,-122.0,-10.17
5,12,True,False,0.35,12,1,8.3,-122.0,-10.17
5,12,True,False,0.5,12,1,8.3,-122.0,-10.17
5,12,True,False,0.7,12,1,8.3,-122.0,-10.17
5,12,False,True,0.7,15,1,6.7,-158.0,-10.53
5,12,False,False,0.7,15,1,6.7,-158.0,-10.53
5,12,False,True,0.0,17,1,5.9,-182.0,-10.71
5,12,False,True,0.35,17,1,5.9,-182.0,-10.71
5,12,False,True,0.5,17,1,5.9,-182.0,-10.71
5,12,False,False,0.0,17,1,5.9,-182.0,-10.71
5,12,False,False,0.35,17,1,5.9,-182.0,-10.71
5,12,False,False,0.5,17,1,5.9,-182.0,-10.71
5,10,True,True,0.0,12,0,0.0,-120.0,-10.0
5,10,True,True,0.35,12,0,0.0,-120.0,-10.0
5,10,True,True,0.5,12,0,0.0,-120.0,-10.0
5,10,True,True,0.7,12,0,0.0,-120.0,-10.0
5,10,True,False,0.0,12,0,0.0,-120.0,-10.0
5,10,True,False,0.35,12,0,0.0,-120.0,-10.0
5,10,True,False,0.5,12,0,0.0,-120.0,-10.0
5,10,True,False,0.7,12,0,0.0,-120.0,-10.0
5,10,False,True,0.7,15,0,0.0,-150.0,-10.0
5,10,False,False,0.7,15,0,0.0,-150.0,-10.0
5,10,False,True,0.0,17,0,0.0,-170.0,-10.0
5,10,False,True,0.35,17,0,0.0,-170.0,-10.0
5,10,False,True,0.5,17,0,0.0,-170.0,-10.0
5,10,False,False,0.0,17,0,0.0,-170.0,-10.0
5,10,False,False,0.35,17,0,0.0,-170.0,-10.0
5,10,False,False,0.5,17,0,0.0,-170.0,-10.0
